{"cameraMode":{"drawMode":0,"name":"Shaded","section":"Shading Mode"},"sceneLighting":false,"audioPlay":false,"sceneViewState":{"showFog":true,"showMaterialUpdate":false,"showSkybox":true,"showFlares":true,"showImageEffects":true,"showParticleSystems":true},"in2DMode":false,"pivot":{"x":3.5762786865234377e-7,"y":1.6071335077285767,"z":-0.0004467964172363281},"rotation":{"x":-0.07821084558963776,"y":-0.02183404192328453,"z":0.0017132895300164819,"w":-0.9966961145401001},"size":7.2163896560668949,"orthographic":false}